,holiday,ds
0,建国記念日,2020-02-11
1,天皇誕生日,2020-02-23
2,振替休日,2020-02-24
3,春分の日,2020-03-20
4,緊急事態宣言発出,2020-04-07
5,昭和の日,2020-04-29
6,憲法記念日,2020-05-03
7,みどりの日,2020-05-04
8,こどもの日,2020-05-05
9,振替休日,2020-05-06
10,緊急事態宣言解除,2020-05-14
11,海の日,2020-07-23
12,スポーツの日,2020-07-24
13,山の日,2020-08-10
14,敬老の日,2020-09-21
15,秋分の日,2020-09-22
16,文化の日,2020-11-03
17,勤労感謝の日,2020-11-23
18,年末年始,2020-12-24
19,年末年始,2020-12-25
20,元旦,2021-01-01
21,２,2021-01-02
22,３,2021-01-03
23,緊急事態宣言,2021-01-07
24,成人の日,2021-01-11
25,建国記念日,2021-02-11
26,天皇誕生日,2021-02-23
27,緊急事態宣言解除,2021-03-18
28,春分の日,2021-03-20
29,緊急事態宣言,2021-04-23
30,昭和の日,2021-04-29
31,憲法記念日,2021-05-03
32,みどりの日,2021-05-04
33,こどもの日,2021-05-05
34,海の日,2021-07-22
35,スポーツの日,2021-07-23
36,山の日,2021-08-08
37,振替休日,2021-08-09
38,敬老の日,2021-09-20
39,春分の日,2021-09-23
40,緊急事態宣言解除,2021-09-28
41,文化の日,2021-11-03
42,勤労感謝の日,2021-11-23
43,クリスマスイヴ,2021-12-24
44,クリスマス,2021-12-25
45,大晦日,2021-12-31
46,元旦,2022-01-01
47,２,2022-01-02
48,３,2022-01-03
49,成人の日,2022-01-10
50,建国記念日,2022-02-11
51,天皇誕生日,2022-02-23
52,春分の日,2022-03-21
53,昭和の日,2022-04-29
54,憲法記念日,2022-05-03
55,みどりの日,2022-05-04
56,こどもの日,2022-05-05
57,海の日,2022-07-18
58,山の日,2022-08-11
59,敬老の日,2022-09-19
60,秋分の日,2022-09-23
61,スポーツの日,2022-10-10
62,文化の日,2022-11-03
63,勤労感謝の日,2022-11-23
64,クリスマスイヴ,2022-12-24
65,クリスマス,2022-12-25
66,大晦日,2022-12-31